Date,Open,Close
2020-01-02 00:00:00-05:00,321.837061171302,322.20233154296875
2020-01-03 00:00:00-05:00,317.374868665437,318.69775390625
2020-01-06 00:00:00-05:00,315.7556990473076,320.988037109375
2020-01-07 00:00:00-05:00,321.2742493114623,322.8044738769531
2020-01-08 00:00:00-05:00,322.0147808664286,323.31793212890625
2020-01-09 00:00:00-05:00,325.17386577525315,325.4009094238281
2020-01-10 00:00:00-05:00,327.1484423526344,324.53228759765625
2020-01-13 00:00:00-05:00,324.69017646136047,327.7801818847656
2020-01-14 00:00:00-05:00,326.2499985898466,328.55023193359375
2020-01-15 00:00:00-05:00,328.747728252266,330.9196472167969
2020-01-16 00:00:00-05:00,332.89408906340526,332.43994140625
2020-01-17 00:00:00-05:00,333.0618762298143,334.858642578125
2020-01-21 00:00:00-05:00,335.2633927147501,332.9532775878906
2020-01-22 00:00:00-05:00,333.4666094185744,335.7076110839844
2020-01-23 00:00:00-05:00,335.1844076566176,331.0972900390625
2020-01-24 00:00:00-05:00,332.8150810628179,329.41900634765625
2020-01-27 00:00:00-05:00,323.179668812698,326.73370361328125
2020-01-28 00:00:00-05:00,327.9874572108833,329.0043029785156
2020-01-29 00:00:00-05:00,331.34411387246973,329.6263427734375
2020-01-30 00:00:00-05:00,317.88810812378614,315.7754211425781
2020-01-31 00:00:00-05:00,318.1151817762363,309.19061279296875
2020-02-03 00:00:00-05:00,312.7644715018605,314.2749328613281
2020-02-04 00:00:00-05:00,317.7301929298094,321.7975769042969
2020-02-05 00:00:00-05:00,326.04269731361455,328.24420166015625
2020-02-06 00:00:00-05:00,328.99447480167254,327.76043701171875
2020-02-07 00:00:00-05:00,325.7860145273068,322.0444030761719
2020-02-10 00:00:00-05:00,320.4253169200438,329.6756591796875
2020-02-11 00:00:00-05:00,332.2621917275726,333.46661376953125
2020-02-12 00:00:00-05:00,334.64147601126194,330.29766845703125
2020-02-13 00:00:00-05:00,329.2412276852882,331.3045349121094
2020-02-14 00:00:00-05:00,332.2622221096751,334.858642578125
2020-02-18 00:00:00-05:00,333.81216374940954,333.0618591308594
2020-02-19 00:00:00-05:00,333.7726569949347,335.4015808105469
2020-02-20 00:00:00-05:00,335.658274680726,331.7685852050781
2020-02-21 00:00:00-05:00,329.6460873018806,330.6629333496094
2020-02-24 00:00:00-05:00,320.119248081188,319.0234069824219
2020-02-25 00:00:00-05:00,320.6326176747619,305.67608642578125
2020-02-26 00:00:00-05:00,304.7974776971369,305.2121276855469
2020-02-27 00:00:00-05:00,300.11802418087757,293.286376953125
2020-02-28 00:00:00-05:00,284.92454145746444,287.0865783691406
2020-03-02 00:00:00-05:00,287.31350793119566,301.06561279296875
2020-03-03 00:00:00-05:00,311.59951265123453,306.39678955078125
2020-03-04 00:00:00-05:00,314.4723315555044,322.4689025878906
2020-03-05 00:00:00-05:00,314.60065953756606,308.89447021484375
2020-03-06 00:00:00-05:00,301.1644194049192,307.1964111328125
2020-03-09 00:00:00-04:00,290.12717028772533,291.5783996582031
2020-03-10 00:00:00-04:00,301.85552290847886,303.770751953125
2020-03-11 00:00:00-04:00,295.5866736601995,285.68475341796875
2020-03-12 00:00:00-04:00,270.76761884991197,280.6893005371094
2020-03-13 00:00:00-04:00,294.0766498981934,296.5169982910156
2020-03-16 00:00:00-04:00,268.27021175278463,275.996337890625
2020-03-17 00:00:00-04:00,294.4027112198307,292.75274658203125
2020-03-18 00:00:00-04:00,280.94619298066647,299.3426818847656
2020-03-19 00:00:00-04:00,294.442090414074,277.4683532714844
2020-03-20 00:00:00-04:00,274.12905822426893,275.02813720703125
2020-03-23 00:00:00-04:00,268.97164743516856,252.2350311279297
2020-03-24 00:00:00-04:00,260.3860392702489,278.6441955566406
2020-03-25 00:00:00-04:00,274.6724506334685,268.4184265136719
2020-03-26 00:00:00-04:00,271.4613825675922,279.7506408691406
2020-03-27 00:00:00-04:00,270.3450104356944,271.0464782714844
2020-03-30 00:00:00-04:00,274.9490629564196,281.5389709472656
2020-03-31 00:00:00-04:00,280.4027524115587,280.1952819824219
2020-04-01 00:00:00-04:00,273.1904193036057,271.8961486816406
2020-04-02 00:00:00-04:00,268.77415000103167,284.0979309082031
2020-04-03 00:00:00-04:00,279.55306639206566,278.8219299316406
2020-04-06 00:00:00-04:00,291.0730881180835,300.3503723144531
2020-04-07 00:00:00-04:00,308.39266417289167,293.0194396972656
2020-04-08 00:00:00-04:00,294.07660562629184,303.4625549316406
2020-04-09 00:00:00-04:00,303.85781752800796,313.56982421875
2020-04-13 00:00:00-04:00,310.6058283197086,311.5345458984375
2020-04-14 00:00:00-04:00,317.68973137473483,322.4518737792969
2020-04-15 00:00:00-04:00,318.74684985329134,321.9183044433594
2020-04-16 00:00:00-04:00,324.55626680849554,324.8921813964844
2020-04-17 00:00:00-04:00,330.20759419663204,327.5992736816406
2020-04-20 00:00:00-04:00,325.36649452186174,323.232421875
2020-04-21 00:00:00-04:00,320.91053142496844,315.7828369140625
2020-04-22 00:00:00-04:00,319.6656330522463,331.56109619140625
2020-04-23 00:00:00-04:00,331.37345873119716,316.6622314453125
2020-04-24 00:00:00-04:00,318.73696136923553,324.7538757324219
2020-04-27 00:00:00-04:00,326.5223461170737,338.59564208984375
2020-04-28 00:00:00-04:00,338.5956654645815,328.4687194824219
2020-04-29 00:00:00-04:00,329.46660713428935,331.5907897949219
2020-04-30 00:00:00-04:00,327.7869802370376,330.66204833984375
2020-05-01 00:00:00-04:00,326.4137196798443,325.8505554199219
2020-05-04 00:00:00-04:00,325.20834748190435,322.7976379394531
2020-05-05 00:00:00-04:00,327.95492749285904,332.2823486328125
2020-05-06 00:00:00-04:00,333.4778359203186,331.12640380859375
2020-05-07 00:00:00-04:00,335.2266068773906,335.0092468261719
2020-05-08 00:00:00-04:00,339.7318650641391,329.01214599609375
2020-05-11 00:00:00-04:00,327.36215777473143,336.30352783203125
2020-05-12 00:00:00-04:00,336.29361644596923,327.7375793457031
2020-05-13 00:00:00-04:00,331.15610387477,330.0791931152344
2020-05-14 00:00:00-04:00,326.6112867819024,333.2407531738281
2020-05-15 00:00:00-04:00,333.44821698840855,338.80316162109375
2020-05-18 00:00:00-04:00,343.82213767643344,342.80450439453125
2020-05-19 00:00:00-04:00,341.846231219755,338.6648864746094
2020-05-20 00:00:00-04:00,340.89772700487123,337.0544128417969
2020-05-21 00:00:00-04:00,336.18493278144024,331.7192077636719
2020-05-22 00:00:00-04:00,333.3692083365067,336.17510986328125
2020-05-26 00:00:00-04:00,342.0931523426969,328.577392578125
2020-05-27 00:00:00-04:00,332.4701368216954,333.300048828125
2020-05-28 00:00:00-04:00,336.8469267166761,338.62530517578125
2020-05-29 00:00:00-04:00,340.94707956246543,344.99786376953125
2020-06-01 00:00:00-04:00,343.82218017278996,345.1361999511719
2020-06-02 00:00:00-04:00,345.12633984346246,345.8870849609375
2020-06-03 00:00:00-04:00,347.20110952431,343.0218811035156
2020-06-04 00:00:00-04:00,339.7912292143197,343.9704284667969
2020-06-05 00:00:00-04:00,343.9703975504986,349.9477844238281
2020-06-08 00:00:00-04:00,346.1637037095643,345.6795959472656
2020-06-09 00:00:00-04:00,345.8771380129663,343.476318359375
2020-06-10 00:00:00-04:00,345.1855589872729,348.5644836425781
2020-06-11 00:00:00-04:00,347.7346707121887,332.4010009765625
2020-06-12 00:00:00-04:00,338.62941690334947,335.9007873535156
2020-06-15 00:00:00-04:00,330.0579293892412,336.9487609863281
2020-06-16 00:00:00-04:00,342.9399275622078,343.27606201171875
2020-06-17 00:00:00-04:00,346.0244192959019,345.8761291503906
2020-06-18 00:00:00-04:00,344.788647942356,343.4935302734375
2020-06-19 00:00:00-04:00,350.4536332857509,348.7235107421875
2020-06-22 00:00:00-04:00,348.5553931341173,348.1599426269531
2020-06-23 00:00:00-04:00,350.9676335099114,352.7669677734375
2020-06-24 00:00:00-04:00,351.4422315197008,344.00762939453125
2020-06-25 00:00:00-04:00,343.8296621871308,347.76446533203125
2020-06-26 00:00:00-04:00,348.4960047582898,346.963623046875
2020-06-29 00:00:00-04:00,349.4253962618253,346.81536865234375
2020-06-30 00:00:00-04:00,346.4792105820889,358.2242736816406
2020-07-01 00:00:00-04:00,359.6281401495199,355.6834411621094
2020-07-02 00:00:00-04:00,357.9376295390514,361.7340393066406
2020-07-06 00:00:00-04:00,366.0542962820408,377.9278564453125
2020-07-07 00:00:00-04:00,376.8007951463468,375.9307861328125
2020-07-08 00:00:00-04:00,380.17208585009377,382.23834228515625
2020-07-09 00:00:00-04:00,381.19041836199614,383.2665710449219
2020-07-10 00:00:00-04:00,384.35404490433626,378.2244873046875
2020-07-13 00:00:00-04:00,380.2907182551782,374.62579345703125
2020-07-14 00:00:00-04:00,374.6257611145959,383.0588684082031
2020-07-15 00:00:00-04:00,388.2394714355469,388.2394714355469
2020-07-16 00:00:00-04:00,388.46683304967314,387.962646484375
2020-07-17 00:00:00-04:00,389.34674290438187,390.9087829589844
2020-07-20 00:00:00-04:00,393.3803730420393,398.3927917480469
2020-07-21 00:00:00-04:00,400.8247998752971,398.5113830566406
2020-07-22 00:00:00-04:00,405.1846751707673,406.09423828125
2020-07-23 00:00:00-04:00,413.3905011076006,405.8175048828125
2020-07-24 00:00:00-04:00,398.7882182533049,401.7640380859375
2020-07-27 00:00:00-04:00,399.8065102186522,408.74383544921875
2020-07-28 00:00:00-04:00,406.94459347122813,402.73297119140625
2020-07-29 00:00:00-04:00,405.83717240171825,404.61126708984375
2020-07-30 00:00:00-04:00,400.7061788959437,405.89654541015625
2020-07-31 00:00:00-04:00,404.3740227091988,409.248046875
2020-08-03 00:00:00-04:00,413.49916540696427,414.3296203613281
2020-08-04 00:00:00-04:00,414.1715161456416,410.99798583984375
2020-08-05 00:00:00-04:00,412.1744955086441,415.1305236816406
2020-08-06 00:00:00-04:00,414.25052363579795,411.0077819824219
2020-08-07 00:00:00-04:00,409.2975104157728,409.6237487792969
2020-08-10 00:00:00-04:00,409.4061518439602,405.50103759765625
2020-08-11 00:00:00-04:00,404.7200685275455,402.6142578125
2020-08-12 00:00:00-04:00,404.25539940917116,411.4428405761719
2020-08-13 00:00:00-04:00,407.3399868045925,411.86798095703125
2020-08-14 00:00:00-04:00,409.999402261819,409.0602111816406
2020-08-17 00:00:00-04:00,411.2748033307507,412.0657043457031
2020-08-18 00:00:00-04:00,412.9653441073283,412.55999755859375
2020-08-19 00:00:00-04:00,414.50767425004443,415.84234619140625
2020-08-20 00:00:00-04:00,415.0613283791009,417.3154296875
2020-08-21 00:00:00-04:00,418.08649057021614,423.70196533203125
2020-08-24 00:00:00-04:00,424.67084165314697,414.9920654296875
2020-08-25 00:00:00-04:00,415.3875667143704,417.4933776855469
2020-08-26 00:00:00-04:00,416.64302718852605,420.8150939941406
2020-08-27 00:00:00-04:00,404.65093311442394,415.7533874511719
2020-08-28 00:00:00-04:00,415.2293840098046,419.65850830078125
2020-08-31 00:00:00-04:00,420.6570124143776,424.1073913574219
2020-09-01 00:00:00-04:00,427.2413355979641,428.80340576171875
2020-09-02 00:00:00-04:00,429.5646557026827,436.0501403808594
2020-09-03 00:00:00-04:00,433.1336563206474,414.90313720703125
2020-09-04 00:00:00-04:00,414.8635014294981,405.3231201171875
2020-09-08 00:00:00-04:00,403.3557671754318,400.6963195800781
2020-09-09 00:00:00-04:00,405.91631651772605,413.56842041015625
2020-09-10 00:00:00-04:00,418.90707127293524,414.96240234375
2020-09-11 00:00:00-04:00,420.7657252093315,426.23291015625
2020-09-14 00:00:00-04:00,430.713727134827,429.3882751464844
2020-09-15 00:00:00-04:00,430.91158871179084,430.37744140625
2020-09-16 00:00:00-04:00,434.02742631256956,429.17071533203125
2020-09-17 00:00:00-04:00,426.4801187479219,428.23089599609375
2020-09-18 00:00:00-04:00,422.1081416301756,424.39306640625
2020-09-21 00:00:00-04:00,420.13980335108783,420.85198974609375
2020-09-22 00:00:00-04:00,419.2990681786678,425.57025146484375
2020-09-23 00:00:00-04:00,426.09441574755806,416.1930847167969
2020-09-24 00:00:00-04:00,414.93691619478716,413.6015930175781
2020-09-25 00:00:00-04:00,411.2572305531954,417.70648193359375
2020-09-28 00:00:00-04:00,421.8806959863245,423.74029541015625
2020-09-29 00:00:00-04:00,426.0944734442289,429.625732421875
2020-09-30 00:00:00-04:00,431.86114085132687,436.72772216796875
2020-10-01 00:00:00-04:00,441.1294711856652,433.4438171386719
2020-10-02 00:00:00-04:00,429.49707996280307,430.3378601074219
2020-10-05 00:00:00-04:00,435.22427104554544,445.7784729003906
2020-10-06 00:00:00-04:00,446.95549611481414,441.0503234863281
2020-10-07 00:00:00-04:00,443.0286195697339,447.4500732421875
2020-10-08 00:00:00-04:00,449.8241301624111,448.61737060546875
2020-10-09 00:00:00-04:00,452.42550359945574,459.6561584472656
2020-10-12 00:00:00-04:00,460.72440570160785,461.6542053222656
2020-10-13 00:00:00-04:00,461.8223456191015,462.45538330078125
2020-10-14 00:00:00-04:00,461.9410095214844,461.9410095214844
2020-10-15 00:00:00-04:00,456.95581547222747,459.5177001953125
2020-10-16 00:00:00-04:00,463.11815501877123,463.50390625
2020-10-19 00:00:00-04:00,463.7808550819416,456.28314208984375
2020-10-20 00:00:00-04:00,456.2633698948926,460.2100830078125
2020-10-21 00:00:00-04:00,469.84438092728226,463.672119140625
2020-10-22 00:00:00-04:00,466.57026201788676,476.7584533691406
2020-10-23 00:00:00-04:00,475.7791992874635,474.9582214355469
2020-10-26 00:00:00-04:00,469.9135950354382,477.1936950683594
2020-10-27 00:00:00-04:00,479.73575942991937,483.98907470703125
2020-10-28 00:00:00-04:00,477.11456435819736,471.5357666015625
2020-10-29 00:00:00-04:00,474.4438315953528,466.7581787109375
2020-10-30 00:00:00-04:00,463.96881094718924,467.9847412109375
2020-11-02 00:00:00-05:00,473.60313132182205,475.3341369628906
2020-11-03 00:00:00-05:00,485.6904212568573,486.16522216796875
2020-11-04 00:00:00-05:00,494.5729572701947,505.42388916015625
2020-11-05 00:00:00-05:00,519.3016978766938,509.1728515625
2020-11-06 00:00:00-05:00,512.9513972467648,521.9328002929688
2020-11-09 00:00:00-05:00,516.1166425765929,479.7259216308594
2020-11-10 00:00:00-05:00,475.1560445638687,463.50390625
2020-11-11 00:00:00-05:00,466.93626769264574,478.7466735839844
2020-11-12 00:00:00-05:00,479.7358347218739,481.2789001464844
2020-11-13 00:00:00-05:00,487.63910181969334,483.286865234375
2020-11-16 00:00:00-05:00,490.34938142417684,475.76934814453125
2020-11-17 00:00:00-05:00,473.89988499907446,473.80096435546875
2020-11-18 00:00:00-05:00,474.70100936464826,449.2502746582031
2020-11-19 00:00:00-05:00,453.94880679815896,448.1820983886719
2020-11-20 00:00:00-05:00,447.86545224657624,446.14434814453125
2020-11-23 00:00:00-05:00,449.56684942455996,441.18878173828125
2020-11-24 00:00:00-05:00,439.4775745637684,434.7890319824219
2020-11-25 00:00:00-05:00,433.72073306491933,443.58251953125
2020-11-27 00:00:00-05:00,448.5579693905036,448.47882080078125
2020-11-30 00:00:00-05:00,452.1089871970928,459.9331359863281
2020-12-01 00:00:00-05:00,464.89859723437286,465.9866638183594
2020-12-02 00:00:00-05:00,471.298452815596,473.69219970703125
2020-12-03 00:00:00-05:00,474.7901353785823,472.0205383300781
2020-12-04 00:00:00-05:00,471.28846974545803,469.46844482421875
2020-12-07 00:00:00-05:00,468.6969949230379,467.75732421875
2020-12-08 00:00:00-05:00,467.7572532139939,468.8354187011719
2020-12-09 00:00:00-05:00,472.3172212851804,456.3721923828125
2020-12-10 00:00:00-05:00,458.0239793101774,463.6522216796875
2020-12-11 00:00:00-05:00,462.92030975544765,466.2735290527344
2020-12-14 00:00:00-05:00,466.51103302017606,462.2755126953125
2020-12-15 00:00:00-05:00,464.90787451105444,466.08551025390625
2020-12-16 00:00:00-05:00,461.49369684771415,453.0325622558594
2020-12-17 00:00:00-05:00,453.59660971382647,460.1082458496094
2020-12-18 00:00:00-05:00,457.9311729750798,461.8302307128906
2020-12-21 00:00:00-05:00,457.5055269664963,458.0696105957031
2020-12-22 00:00:00-05:00,457.5550269511497,460.36553955078125
2020-12-23 00:00:00-05:00,462.96827408067657,453.576904296875
2020-12-24 00:00:00-05:00,452.6466663953556,453.3294982910156
2020-12-28 00:00:00-05:00,457.27799359003694,455.9420471191406
2020-12-29 00:00:00-05:00,461.15734097905744,458.0499572753906
2020-12-30 00:00:00-05:00,460.48432916046255,456.931640625
2020-12-31 00:00:00-05:00,456.77339479691034,460.93963623046875
2021-01-04 00:00:00-05:00,464.17554551792165,466.9167785644531
2021-01-05 00:00:00-05:00,467.0949346965864,472.7554931640625
2021-01-06 00:00:00-05:00,466.4021837627906,480.1676330566406
2021-01-07 00:00:00-05:00,484.81876617108446,495.1304626464844
2021-01-08 00:00:00-05:00,504.5812098326392,506.9760437011719
2021-01-11 00:00:00-05:00,503.7004612345686,508.01513671875
2021-01-12 00:00:00-05:00,506.94640537867775,493.586669921875
2021-01-13 00:00:00-05:00,494.8039033741599,496.4961242675781
2021-01-14 00:00:00-05:00,496.7831021387239,491.7460021972656
2021-01-15 00:00:00-05:00,492.16166643531244,497.91131591796875
2021-01-19 00:00:00-05:00,504.70006787030394,502.1072998046875
2021-01-20 00:00:00-05:00,504.36350998615967,510.47930908203125
2021-01-21 00:00:00-05:00,510.43974555416384,507.0354919433594
2021-01-22 00:00:00-05:00,506.3922158146411,509.2521667480469
2021-01-25 00:00:00-05:00,513.1414231615465,513.4382934570312
2021-01-26 00:00:00-05:00,510.84553127274273,502.5525817871094
2021-01-27 00:00:00-05:00,495.0217001847034,477.466064453125
2021-01-28 00:00:00-05:00,486.223991231666,491.32049560546875
2021-01-29 00:00:00-05:00,488.9059041095979,504.4031677246094
2021-02-01 00:00:00-05:00,511.4688857859429,510.1130676269531
2021-02-02 00:00:00-05:00,514.5861461417636,513.141357421875
2021-02-03 00:00:00-05:00,513.408505766192,495.0216064453125
2021-02-04 00:00:00-05:00,495.0216877586068,483.8786926269531
2021-02-05 00:00:00-05:00,486.4219283026717,487.44122314453125
2021-02-08 00:00:00-05:00,491.8350446018557,490.6079406738281
2021-02-09 00:00:00-05:00,490.1428282997446,484.2150573730469
2021-02-10 00:00:00-05:00,489.1038106421587,479.8410949707031
2021-02-11 00:00:00-05:00,483.09687223959224,488.9157409667969
2021-02-12 00:00:00-05:00,489.02465829670103,502.5525817871094
2021-02-16 00:00:00-05:00,504.69997933069914,494.883056640625
2021-02-17 00:00:00-05:00,492.40907797354777,493.2799377441406
2021-02-18 00:00:00-05:00,492.6763688329161,483.72039794921875
2021-02-19 00:00:00-05:00,484.0567725907017,473.8835754394531
2021-02-22 00:00:00-05:00,469.83613073512356,458.4655456542969
2021-02-23 00:00:00-05:00,456.09054907208287,454.04205322265625
2021-02-24 00:00:00-05:00,465.9370638761849,451.9143371582031
2021-02-25 00:00:00-05:00,452.99302633764256,446.7782897949219
2021-02-26 00:00:00-05:00,449.99450510919985,445.4027099609375
2021-03-01 00:00:00-05:00,449.4699903819249,454.7841796875
2021-03-02 00:00:00-05:00,455.21962011356175,457.30767822265625
2021-03-03 00:00:00-05:00,457.41661648398224,446.27362060546875
2021-03-04 00:00:00-05:00,441.4442674848696,436.8722839355469
2021-03-05 00:00:00-05:00,440.37551229130355,442.22607421875
2021-03-08 00:00:00-05:00,440.97911202320984,435.27899169921875
2021-03-09 00:00:00-05:00,445.323620773774,443.4532470703125
2021-03-10 00:00:00-05:00,451.9539602663652,436.50616455078125
2021-03-11 00:00:00-05:00,445.3235581037087,455.7342224121094
2021-03-12 00:00:00-05:00,450.25186269284836,445.8085021972656
2021-03-15 00:00:00-04:00,443.0259936533319,448.3729553222656
2021-03-16 00:00:00-04:00,450.8187814469431,442.0457763671875
2021-03-17 00:00:00-04:00,438.46132310704536,438.2632751464844
2021-03-18 00:00:00-04:00,436.63935034254285,441.3724060058594
2021-03-19 00:00:00-04:00,442.76858897002717,440.63970947265625
2021-03-22 00:00:00-04:00,440.63975148789757,450.1949768066406
2021-03-23 00:00:00-04:00,449.65030571697315,447.5709533691406
2021-03-24 00:00:00-04:00,446.0560485117353,440.9962158203125
2021-03-25 00:00:00-04:00,440.4219207633867,437.94647216796875
2021-03-26 00:00:00-04:00,440.2337661294805,455.54193115234375
2021-03-29 00:00:00-04:00,452.0069384567205,454.0665283203125
2021-03-30 00:00:00-04:00,450.56129081362224,447.0362548828125
2021-03-31 00:00:00-04:00,451.6009993436727,451.8980712890625
2021-04-01 00:00:00-04:00,456.72024776823065,451.81884765625
2021-04-05 00:00:00-04:00,455.71022085030313,460.8195495605469
2021-04-06 00:00:00-04:00,463.3544682532723,464.1366882324219
2021-04-07 00:00:00-04:00,462.4137415474332,461.7998352050781
2021-04-08 00:00:00-04:00,467.2161434448402,466.8794860839844
2021-04-09 00:00:00-04:00,467.83007033464855,474.1771240234375
2021-04-12 00:00:00-04:00,473.4343907335305,471.3055114746094
2021-04-13 00:00:00-04:00,473.8899379734644,480.0884704589844
2021-04-14 00:00:00-04:00,479.2468281771135,473.3453674316406
2021-04-15 00:00:00-04:00,480.2369846894822,489.5248718261719
2021-04-16 00:00:00-04:00,493.18855337787693,488.0792541503906
2021-04-19 00:00:00-04:00,485.18794431787546,482.85113525390625
2021-04-20 00:00:00-04:00,482.91047858044783,477.6228942871094
2021-04-21 00:00:00-04:00,479.49433205279485,475.6920471191406
2021-04-22 00:00:00-04:00,474.81076856489,479.4547119140625
2021-04-23 00:00:00-04:00,480.6430181781579,483.29669189453125
2021-04-26 00:00:00-04:00,484.2571282001369,489.188232421875
2021-04-27 00:00:00-04:00,490.7329010381932,485.4057312011719
2021-04-28 00:00:00-04:00,484.75216702310337,481.0290832519531
2021-04-29 00:00:00-04:00,472.9393403857376,459.8293762207031
2021-04-30 00:00:00-04:00,460.89876682161025,465.6120300292969
2021-05-03 00:00:00-04:00,467.1468222495328,462.7900390625
2021-05-04 00:00:00-04:00,459.37388420002685,460.71063232421875
2021-05-05 00:00:00-04:00,463.9980437509251,463.1761779785156
2021-05-06 00:00:00-04:00,464.4337154086578,465.5229187011719
2021-05-07 00:00:00-04:00,468.79047215164127,463.8494873046875
2021-05-10 00:00:00-04:00,463.4236996710919,458.91839599609375
2021-05-11 00:00:00-04:00,453.2446745430633,459.4432067871094
2021-05-12 00:00:00-04:00,453.2050574256625,450.313720703125
2021-05-13 00:00:00-04:00,452.57134864658104,452.4327392578125
2021-05-14 00:00:00-04:00,453.3832687764406,454.56158447265625
2021-05-17 00:00:00-04:00,456.34398467804084,448.4720764160156
2021-05-18 00:00:00-04:00,446.2837531244772,450.14544677734375
2021-05-19 00:00:00-04:00,447.4620093801071,452.4624328613281
2021-05-20 00:00:00-04:00,453.20512304188486,460.7205810546875
2021-05-21 00:00:00-04:00,463.0078214981002,457.7994689941406
2021-05-24 00:00:00-04:00,460.7997912128736,457.9183654785156
2021-05-25 00:00:00-04:00,460.7304410589745,459.4630126953125
2021-05-26 00:00:00-04:00,457.5520228037008,455.17559814453125
2021-05-27 00:00:00-04:00,455.15565157911936,467.83984375
2021-05-28 00:00:00-04:00,467.10715201741465,464.88916015625
2021-06-01 00:00:00-04:00,462.4137624641375,442.6200866699219
2021-06-02 00:00:00-04:00,443.31316245815657,444.7984313964844
2021-06-03 00:00:00-04:00,443.1844157654126,440.9565124511719
2021-06-04 00:00:00-04:00,444.5608344808446,444.3529052734375
2021-06-07 00:00:00-04:00,444.88764309450505,440.0852966308594
2021-06-08 00:00:00-04:00,437.43143341681434,436.66900634765625
2021-06-09 00:00:00-04:00,440.2832221464946,443.8082580566406
2021-06-10 00:00:00-04:00,444.3826420004352,460.3443298339844
2021-06-11 00:00:00-04:00,459.51255924616794,460.5819396972656
2021-06-14 00:00:00-04:00,460.393665999766,465.7138977050781
2021-06-15 00:00:00-04:00,468.36902529353404,465.7237548828125
2021-06-16 00:00:00-04:00,463.72260497403914,464.07928466796875
2021-06-17 00:00:00-04:00,464.49527263508634,481.57550048828125
2021-06-18 00:00:00-04:00,478.66285851035394,477.9990539550781
2021-06-21 00:00:00-04:00,479.732836521882,479.0789489746094
2021-06-22 00:00:00-04:00,479.8319040750497,487.6487731933594
2021-06-23 00:00:00-04:00,486.3409863581529,489.44195556640625
2021-06-24 00:00:00-04:00,490.4129123440207,490.7695617675781
2021-06-25 00:00:00-04:00,490.4129092694134,488.3026428222656
2021-06-28 00:00:00-04:00,489.1050960137236,500.4192810058594
2021-06-29 00:00:00-04:00,500.1320049142275,503.53021240234375
2021-06-30 00:00:00-04:00,502.79705562569205,499.7951354980469
2021-07-01 00:00:00-04:00,501.15245033357485,504.8082580566406
2021-07-02 00:00:00-04:00,504.1940646199294,508.5632019042969
2021-07-06 00:00:00-04:00,510.8915426379982,512.2686767578125
2021-07-07 00:00:00-04:00,515.1614382611784,517.8760375976562
2021-07-08 00:00:00-04:00,507.2552253726239,513.803955078125
2021-07-09 00:00:00-04:00,514.2696940207395,512.466552734375
2021-07-12 00:00:00-04:00,514.8741063585611,509.9204406738281
2021-07-13 00:00:00-04:00,509.137678655244,509.533935546875
2021-07-14 00:00:00-04:00,511.7730667331852,506.046630859375
2021-07-15 00:00:00-04:00,505.2045178384432,509.71234130859375
2021-07-16 00:00:00-04:00,509.989727958045,514.9730834960938
2021-07-19 00:00:00-04:00,513.7446359798237,516.7861938476562
2021-07-20 00:00:00-04:00,517.0238844818268,517.7372436523438
2021-07-21 00:00:00-04:00,518.1237239797271,509.4944763183594
2021-07-22 00:00:00-04:00,514.8938759686736,519.6394653320312
2021-07-23 00:00:00-04:00,522.324325487103,527.3275146484375
2021-07-26 00:00:00-04:00,523.8400694195722,524.216552734375
2021-07-27 00:00:00-04:00,523.4637157448052,525.365966796875
2021-07-28 00:00:00-04:00,513.1997847299697,523.3746337890625
2021-07-29 00:00:00-04:00,526.6043760040072,528.8236083984375
2021-07-30 00:00:00-04:00,529.9332496358746,535.0057983398438
2021-08-02 00:00:00-04:00,537.0565563062275,528.734375
2021-08-03 00:00:00-04:00,529.2893384572507,532.0138549804688
2021-08-04 00:00:00-04:00,533.8764355311741,533.8863525390625
2021-08-05 00:00:00-04:00,535.9567583431402,537.323974609375
2021-08-06 00:00:00-04:00,534.2924507036189,533.2125854492188
2021-08-09 00:00:00-04:00,538.7903813965049,536.1450805664062
2021-08-10 00:00:00-04:00,535.7686611814014,535.3624267578125
2021-08-11 00:00:00-04:00,535.4418750521203,532.2814331054688
2021-08-12 00:00:00-04:00,531.6671327380865,536.9873657226562
2021-08-13 00:00:00-04:00,536.937616559887,539.5927734375
2021-08-16 00:00:00-04:00,541.3465096885944,549.3219604492188
2021-08-17 00:00:00-04:00,548.8363820786681,551.1547241210938
2021-08-18 00:00:00-04:00,548.8363937647359,539.6126708984375
2021-08-19 00:00:00-04:00,538.9983735420907,546.7657470703125
2021-08-20 00:00:00-04:00,547.1621682779208,549.85693359375
2021-08-23 00:00:00-04:00,552.5319950423723,547.4891357421875
2021-08-24 00:00:00-04:00,549.1930522455815,545.3886108398438
2021-08-25 00:00:00-04:00,547.459459810857,543.0011596679688
2021-08-26 00:00:00-04:00,544.9032328303916,547.6475830078125
2021-08-27 00:00:00-04:00,549.5398080191454,543.427001953125
2021-08-30 00:00:00-04:00,543.9125915368843,553.3543090820312
2021-08-31 00:00:00-04:00,554.6420325070661,549.8072509765625
2021-09-01 00:00:00-04:00,547.6575512925945,556.5146484375
2021-09-02 00:00:00-04:00,556.2074235372792,560.2297973632812
2021-09-03 00:00:00-04:00,557.7332414780669,562.8453979492188
2021-09-07 00:00:00-04:00,562.7364279961108,563.8955688476562
2021-09-08 00:00:00-04:00,563.5290472294062,567.2740478515625
2021-09-09 00:00:00-04:00,568.6114556246487,563.5092163085938
2021-09-10 00:00:00-04:00,566.2833065807157,566.6597900390625
2021-09-13 00:00:00-04:00,568.0366790164736,553.948486328125
2021-09-14 00:00:00-04:00,558.230653460099,557.4476318359375
2021-09-15 00:00:00-04:00,554.5235843690482,558.002685546875
2021-09-16 00:00:00-04:00,557.1600989788932,555.5048217773438
2021-09-17 00:00:00-04:00,591.8022757787089,591.5445556640625
2021-09-20 00:00:00-04:00,587.470810112943,585.0027465820312
2021-09-21 00:00:00-04:00,588.2636832715285,591.7824096679688
2021-09-22 00:00:00-04:00,596.2230380494193,601.2880249023438
2021-09-23 00:00:00-04:00,601.753908240084,602.8739624023438
2021-09-24 00:00:00-04:00,606.0159464887007,604.4102172851562
2021-09-27 00:00:00-04:00,598.1955935852421,589.4334106445312
2021-09-28 00:00:00-04:00,580.205290999916,571.373779296875
2021-09-29 00:00:00-04:00,575.8837285489743,574.4960327148438
2021-09-30 00:00:00-04:00,577.7274491399428,566.2990112304688
2021-10-01 00:00:00-04:00,565.5456656075535,567.6766967773438
2021-10-04 00:00:00-04:00,566.5169737645489,563.9894409179688
2021-10-05 00:00:00-04:00,566.0016253812216,566.8441162109375
2021-10-06 00:00:00-04:00,562.5026026893219,570.53125
2021-10-07 00:00:00-04:00,574.8330730893516,578.3716430664062
2021-10-08 00:00:00-04:00,580.1261462058658,578.778076171875
2021-10-11 00:00:00-04:00,576.0819413953255,573.5642700195312
2021-10-12 00:00:00-04:00,576.8748989609578,570.8385009765625
2021-10-13 00:00:00-04:00,573.9508615749506,568.5092163085938
2021-10-14 00:00:00-04:00,572.553415203767,572.2659301757812
2021-10-15 00:00:00-04:00,575.0511317043589,577.2615356445312
2021-10-18 00:00:00-04:00,578.4212593739112,582.8519287109375
2021-10-19 00:00:00-04:00,585.7956970470775,586.885986328125
2021-10-20 00:00:00-04:00,604.4103956489503,600.2671508789062
2021-10-21 00:00:00-04:00,605.5502579118141,603.0524291992188
2021-10-22 00:00:00-04:00,603.5677590786468,606.5711059570312
2021-10-25 00:00:00-04:00,606.6107681381119,602.398193359375
2021-10-26 00:00:00-04:00,604.2913551719869,602.9830322265625
2021-10-27 00:00:00-04:00,611.3684267953779,606.8981323242188
2021-10-28 00:00:00-04:00,609.5842587236214,614.609619140625
2021-10-29 00:00:00-04:00,616.1955426868011,627.4951782226562
2021-11-01 00:00:00-04:00,626.7814797789295,629.5072631835938
2021-11-02 00:00:00-04:00,632.2430729211374,630.5977172851562
2021-11-03 00:00:00-04:00,630.8950136299846,636.7133178710938
2021-11-04 00:00:00-04:00,637.0405171431244,634.1264038085938
2021-11-05 00:00:00-04:00,608.7715457040604,611.3684692382812
2021-11-08 00:00:00-05:00,616.0172689666352,618.9710083007812
2021-11-09 00:00:00-05:00,618.2573301782026,613.1328735351562
2021-11-10 00:00:00-05:00,610.2684037760673,621.3400268554688
2021-11-11 00:00:00-05:00,622.44021010472,625.9193115234375
2021-11-12 00:00:00-05:00,627.3367068371005,629.6561279296875
2021-11-15 00:00:00-05:00,630.9842962037342,626.79150390625
2021-11-16 00:00:00-05:00,624.8289463629803,635.8311767578125
2021-11-17 00:00:00-05:00,637.664917747405,631.68798828125
2021-11-18 00:00:00-05:00,632.8081410584905,632.0151977539062
2021-11-19 00:00:00-05:00,632.550301192912,630.448974609375
2021-11-22 00:00:00-05:00,634.3641704505555,628.3773803710938
2021-11-23 00:00:00-05:00,623.659339705801,627.18798828125
2021-11-24 00:00:00-05:00,627.6735797418049,627.42578125
2021-11-26 00:00:00-05:00,646.9622457621573,633.115234375
2021-11-29 00:00:00-05:00,634.3642153383694,643.0570068359375
2021-11-30 00:00:00-05:00,635.7915520172518,627.2573852539062
2021-12-01 00:00:00-05:00,629.0909612297047,620.6361083984375
2021-12-02 00:00:00-05:00,617.1570272066207,622.0535278320312
2021-12-03 00:00:00-05:00,628.5658429563904,630.508544921875
2021-12-06 00:00:00-05:00,629.4081698732234,616.7704467773438
2021-12-07 00:00:00-05:00,627.6042534699212,623.1736450195312
2021-12-08 00:00:00-05:00,625.4433351027454,632.5303955078125
2021-12-09 00:00:00-05:00,632.490780905435,631.4599609375
2021-12-10 00:00:00-05:00,631.3509363175976,636.85205078125
2021-12-13 00:00:00-05:00,636.8422489103599,640.3213500976562
2021-12-14 00:00:00-05:00,634.6196443003372,626.7959594726562
2021-12-15 00:00:00-05:00,631.3969503270957,650.227294921875
2021-12-16 00:00:00-05:00,649.9893788213316,655.6910400390625
2021-12-17 00:00:00-05:00,649.9595311516895,645.5965576171875
2021-12-20 00:00:00-05:00,644.9817721835703,643.8612670898438
2021-12-21 00:00:00-05:00,643.1869177473911,639.9146728515625
2021-12-22 00:00:00-05:00,643.266203014317,646.22119140625
2021-12-23 00:00:00-05:00,647.7682126132715,645.229736328125
2021-12-27 00:00:00-05:00,651.3874520417301,656.6429443359375
2021-12-28 00:00:00-05:00,659.9052177710294,649.8703002929688
2021-12-29 00:00:00-05:00,654.5803903220765,657.1585083007812
2021-12-30 00:00:00-05:00,659.1019094720765,659.8555297851562
2021-12-31 00:00:00-05:00,659.4093953930001,661.6305541992188
2022-01-03 00:00:00-05:00,657.4163880023756,639.498291015625
2022-01-04 00:00:00-05:00,631.9421751980691,612.804443359375
2022-01-05 00:00:00-05:00,612.8046036287162,613.3202514648438
2022-01-06 00:00:00-05:00,612.8044787446356,615.184326171875
2022-01-07 00:00:00-05:00,615.7793777243348,601.9664916992188
2022-01-10 00:00:00-05:00,594.7971826787957,619.7852783203125
2022-01-11 00:00:00-05:00,619.745738654248,615.2835693359375
2022-01-12 00:00:00-05:00,613.4789450491968,619.9441528320312
2022-01-13 00:00:00-05:00,619.4581967312727,595.8384399414062
2022-01-14 00:00:00-05:00,592.9031904183073,589.7994995117188
2022-01-18 00:00:00-05:00,581.2124895697624,585.13916015625
2022-01-19 00:00:00-05:00,588.7188822202015,588.3817138671875
2022-01-20 00:00:00-05:00,590.0574099233173,583.2153930664062
2022-01-21 00:00:00-05:00,582.9476123939322,575.451171875
2022-01-24 00:00:00-05:00,566.0508916471493,570.9592895507812
2022-01-25 00:00:00-05:00,563.8100768413997,562.9771118164062
2022-01-26 00:00:00-05:00,570.4139987144558,558.1678466796875
2022-01-27 00:00:00-05:00,563.7999840466616,549.084716796875
2022-01-28 00:00:00-05:00,549.9179931309144,567.2213134765625
2022-01-31 00:00:00-05:00,569.1744680475753,576.4130859375
2022-02-01 00:00:00-05:00,583.3542966247647,589.3137817382812
2022-02-02 00:00:00-05:00,601.0442592858317,599.0511474609375
2022-02-03 00:00:00-05:00,590.2060808473688,589.9284057617188
2022-02-04 00:00:00-05:00,587.3304826618946,589.4227294921875
2022-02-07 00:00:00-05:00,592.8736924015151,582.1148681640625
2022-02-08 00:00:00-05:00,573.0318467080718,582.5908203125
2022-02-09 00:00:00-05:00,589.1946535783298,584.89111328125
2022-02-10 00:00:00-05:00,576.7800631364312,575.4017944335938
2022-02-11 00:00:00-05:00,574.1027539118653,561.5293579101562
2022-02-14 00:00:00-05:00,559.7741901382411,556.47216796875
2022-02-15 00:00:00-05:00,562.7091690408854,551.9900512695312
2022-02-16 00:00:00-05:00,547.7263041342145,545.7232666015625
2022-02-17 00:00:00-05:00,546.169607101644,535.995849609375
2022-02-18 00:00:00-05:00,537.3146061497456,532.6243896484375
2022-02-22 00:00:00-05:00,531.8212267447414,525.4353637695312
2022-02-23 00:00:00-05:00,527.5275229193597,524.1362915039062
2022-02-24 00:00:00-05:00,514.4384462033382,535.6287841796875
2022-02-25 00:00:00-05:00,532.3367818275378,545.2077026367188
2022-02-28 00:00:00-05:00,540.5372763112982,539.4266967773438
2022-03-01 00:00:00-05:00,540.0414739292255,538.5045166015625
2022-03-02 00:00:00-05:00,540.1900534214723,551.7718505859375
2022-03-03 00:00:00-05:00,553.3188233744992,549.6300659179688
2022-03-04 00:00:00-05:00,545.6439617884599,542.71875
2022-03-07 00:00:00-05:00,537.4433824308235,530.2543334960938
2022-03-08 00:00:00-05:00,522.1727827887072,519.5946655273438
2022-03-09 00:00:00-05:00,535.1628706972116,537.1460571289062
2022-03-10 00:00:00-05:00,531.9203297455354,533.7250366210938
2022-03-11 00:00:00-05:00,538.6729204221722,525.3558349609375
2022-03-14 00:00:00-04:00,531.1767302563427,531.3750610351562
2022-03-15 00:00:00-04:00,536.0578684113655,546.3167114257812
2022-03-16 00:00:00-04:00,552.4482470661503,558.1332397460938
2022-03-17 00:00:00-04:00,558.1827611224445,567.7570190429688
2022-03-18 00:00:00-04:00,572.281170147098,584.4647827148438
2022-03-21 00:00:00-04:00,577.2419734276014,584.6731567382812
2022-03-22 00:00:00-04:00,585.6354768766007,582.748291015625
2022-03-23 00:00:00-04:00,577.0337131951458,566.8245239257812
2022-03-24 00:00:00-04:00,569.6321478764471,569.1856689453125
2022-03-25 00:00:00-04:00,573.3428460290354,569.781005859375
2022-03-28 00:00:00-04:00,572.4598115823537,578.6111450195312
2022-03-29 00:00:00-04:00,588.1059050630761,588.2150268554688
2022-03-30 00:00:00-04:00,587.8776879966844,590.4771118164062
2022-03-31 00:00:00-04:00,587.6793755621218,586.0125732421875
2022-04-01 00:00:00-04:00,587.5702175106738,587.6893310546875
2022-04-04 00:00:00-04:00,586.6276022600063,585.5064697265625
2022-04-05 00:00:00-04:00,580.2780218265946,579.6926879882812
2022-04-06 00:00:00-04:00,574.6227391608641,582.7980346679688
2022-04-07 00:00:00-04:00,578.4126484133939,607.4032592773438
2022-04-08 00:00:00-04:00,605.210592646309,604.0795288085938
2022-04-11 00:00:00-04:00,593.8208011535819,581.0716552734375
2022-04-12 00:00:00-04:00,579.4942462866009,566.4573974609375
2022-04-13 00:00:00-04:00,567.0129862667721,572.2713623046875
2022-04-14 00:00:00-04:00,573.4917329754446,564.4334106445312
2022-04-18 00:00:00-04:00,564.4928455900767,567.637939453125
2022-04-19 00:00:00-04:00,570.2472858999423,569.64208984375
2022-04-20 00:00:00-04:00,570.5647724051526,586.5086059570312
2022-04-21 00:00:00-04:00,587.8281189115318,575.8727416992188
2022-04-22 00:00:00-04:00,570.3366340323074,556.8732299804688
2022-04-25 00:00:00-04:00,542.1992965116873,539.8875732421875
2022-04-26 00:00:00-04:00,529.9165036877127,512.38525390625
2022-04-27 00:00:00-04:00,516.2545778495087,516.3934326171875
2022-04-28 00:00:00-04:00,555.3352629221122,554.5018920898438
2022-04-29 00:00:00-04:00,553.5792025809735,548.5787353515625
2022-05-02 00:00:00-04:00,544.6200772339473,541.2368774414062
2022-05-03 00:00:00-04:00,540.0760753840638,542.0306396484375
2022-05-04 00:00:00-04:00,538.1215769665279,558.559814453125
2022-05-05 00:00:00-04:00,555.5337050656904,546.1876831054688
2022-05-06 00:00:00-04:00,538.1315214692154,542.3878173828125
2022-05-09 00:00:00-04:00,534.4307175149962,513.3277587890625
2022-05-10 00:00:00-04:00,523.1500638669008,522.098388671875
2022-05-11 00:00:00-04:00,516.3339828401016,515.9172973632812
2022-05-12 00:00:00-04:00,509.73623604783785,521.6717529296875
2022-05-13 00:00:00-04:00,530.6109195105463,537.1690063476562
2022-05-16 00:00:00-04:00,533.1212409678866,535.1452026367188
2022-05-17 00:00:00-04:00,548.8467634263402,550.2456665039062
2022-05-18 00:00:00-04:00,543.1419123159858,537.9132690429688
2022-05-19 00:00:00-04:00,535.7602874506114,546.4159545898438
2022-05-20 00:00:00-04:00,554.5316798534882,550.7913208007812
2022-05-23 00:00:00-04:00,554.7796381942346,550.8507690429688
2022-05-24 00:00:00-04:00,548.1720169795392,544.510986328125
2022-05-25 00:00:00-04:00,546.5151660543136,530.0752563476562
2022-05-26 00:00:00-04:00,534.7581831387987,535.869384765625
2022-05-27 00:00:00-04:00,541.2864943608722,567.856201171875
2022-05-31 00:00:00-04:00,564.2150399073744,563.11376953125
2022-06-01 00:00:00-04:00,565.0782015289878,551.8528442382812
2022-06-02 00:00:00-04:00,550.2059336853741,565.6239013671875
2022-06-03 00:00:00-04:00,556.6350591138222,553.7181396484375
2022-06-06 00:00:00-04:00,554.5614728118038,548.5391235351562
2022-06-07 00:00:00-04:00,546.2273880061439,556.2579956054688
2022-06-08 00:00:00-04:00,554.7796247228836,547.7254638671875
2022-06-09 00:00:00-04:00,543.6279137073353,535.5816040039062
2022-06-10 00:00:00-04:00,526.1264863884255,522.7432861328125
2022-06-13 00:00:00-04:00,507.58321395373974,507.8907775878906
2022-06-14 00:00:00-04:00,506.4314638505351,503.7610168457031
2022-06-15 00:00:00-04:00,511.04757266493743,511.017822265625
2022-06-16 00:00:00-04:00,499.9092236923308,501.2196350097656
2022-06-17 00:00:00-04:00,498.4995494376103,497.2586364746094
2022-06-21 00:00:00-04:00,502.6292809070547,509.80670166015625
2022-06-22 00:00:00-04:00,504.74383266969375,515.4454345703125
2022-06-23 00:00:00-04:00,519.1979536399242,536.6699829101562
2022-06-24 00:00:00-04:00,537.1862488089284,540.8494262695312
2022-06-27 00:00:00-04:00,541.8719460746132,539.6879272460938
2022-06-28 00:00:00-04:00,538.6554262640784,531.8751220703125
2022-06-29 00:00:00-04:00,532.1233572443541,532.0240478515625
2022-06-30 00:00:00-04:00,527.1893735250586,539.3305053710938
2022-07-01 00:00:00-04:00,539.9957598236989,544.2843627929688
2022-07-05 00:00:00-04:00,535.9354574147658,541.1076049804688
2022-07-06 00:00:00-04:00,541.0379610279031,551.9976806640625
2022-07-07 00:00:00-04:00,548.9798902301868,549.734375
2022-07-08 00:00:00-04:00,545.8725815359289,549.6846923828125
2022-07-11 00:00:00-04:00,546.001674110805,553.9733276367188
2022-07-12 00:00:00-04:00,546.8851685829205,527.0702514648438
2022-07-13 00:00:00-04:00,517.7783320073902,519.3468627929688
2022-07-14 00:00:00-04:00,513.3508163027793,521.8088989257812
2022-07-15 00:00:00-04:00,529.6514902057716,534.95263671875
2022-07-18 00:00:00-04:00,534.9327636000332,516.9743041992188
2022-07-19 00:00:00-04:00,524.7273927307199,532.967041015625
2022-07-20 00:00:00-04:00,536.0744147299304,534.7342529296875
2022-07-21 00:00:00-04:00,551.5112700605068,570.8198852539062
2022-07-22 00:00:00-04:00,569.3109661501835,557.457763671875
2022-07-25 00:00:00-04:00,556.4452037031941,563.3148803710938
2022-07-26 00:00:00-04:00,565.3103019083089,569.1025390625
2022-07-27 00:00:00-04:00,568.8443868036526,577.6995239257812
2022-07-28 00:00:00-04:00,585.6613712146484,593.2954711914062
2022-07-29 00:00:00-04:00,598.5866014766833,594.0597534179688
2022-08-01 00:00:00-04:00,589.7910080855254,585.26416015625
2022-08-02 00:00:00-04:00,583.0305741677113,581.7797241210938
2022-08-03 00:00:00-04:00,586.048456060089,583.70556640625
2022-08-04 00:00:00-04:00,586.5348595786966,585.7108764648438
2022-08-05 00:00:00-04:00,581.0252166564073,585.968994140625
2022-08-08 00:00:00-04:00,586.5051353731421,579.7049560546875
2022-08-09 00:00:00-04:00,579.7049042983049,576.6472778320312
2022-08-10 00:00:00-04:00,584.8967634492965,588.043701171875
2022-08-11 00:00:00-04:00,590.7439974575946,588.2323608398438
2022-08-12 00:00:00-04:00,590.2376883001948,598.8248291015625
2022-08-15 00:00:00-04:00,598.6164224748798,600.0955810546875
2022-08-16 00:00:00-04:00,595.6382026503882,597.7328491210938
2022-08-17 00:00:00-04:00,592.6203257537576,591.7069702148438
2022-08-18 00:00:00-04:00,593.7619491988545,590.6845092773438
2022-08-19 00:00:00-04:00,587.1403671993355,584.2713623046875
2022-08-22 00:00:00-04:00,576.4785955487578,571.9219360351562
2022-08-23 00:00:00-04:00,567.8118962075026,568.8046264648438
2022-08-24 00:00:00-04:00,568.8145906598392,568.9833984375
2022-08-25 00:00:00-04:00,574.1455709414467,581.2138061523438
2022-08-26 00:00:00-04:00,579.754538008245,559.612060546875
2022-08-29 00:00:00-04:00,557.0307945913233,552.6429443359375
2022-08-30 00:00:00-04:00,553.3677489696413,550.260498046875
2022-08-31 00:00:00-04:00,552.1268127756122,541.355712890625
2022-09-01 00:00:00-04:00,538.4965091758136,546.74609375
2022-09-02 00:00:00-04:00,549.7443075023829,539.5985717773438
2022-09-06 00:00:00-04:00,543.2815358164225,541.1868896484375
2022-09-07 00:00:00-04:00,539.4498243998721,547.7092895507812
2022-09-08 00:00:00-04:00,545.9024238115229,562.4412841796875
2022-09-09 00:00:00-04:00,562.272613839842,565.2607421875
2022-09-12 00:00:00-04:00,565.1117501132046,574.9794921875
2022-09-13 00:00:00-04:00,560.8925794565274,555.750244140625
2022-09-14 00:00:00-04:00,558.8293680319862,554.36962890625
2022-09-15 00:00:00-04:00,556.2270944000425,548.2611083984375
2022-09-16 00:00:00-04:00,543.9603180173336,537.6332397460938
2022-09-19 00:00:00-04:00,532.1404242648655,536.0339965820312
2022-09-20 00:00:00-04:00,529.6274408649292,528.5745849609375
2022-09-21 00:00:00-04:00,529.5281268454888,522.148193359375
2022-09-22 00:00:00-04:00,518.4929889942833,516.7845458984375
2022-09-23 00:00:00-04:00,512.871100755011,517.2811889648438
2022-09-26 00:00:00-04:00,512.662597287089,510.84490966796875
2022-09-27 00:00:00-04:00,513.7054381235879,505.23291015625
2022-09-28 00:00:00-04:00,507.23933471989017,514.3411865234375
2022-09-29 00:00:00-04:00,511.44077509524226,513.1293334960938
2022-09-30 00:00:00-04:00,511.33163341040495,503.7729187011719
2022-10-03 00:00:00-04:00,509.3550466017046,519.4068603515625
2022-10-04 00:00:00-04:00,527.1443864916737,536.2923583984375
2022-10-05 00:00:00-04:00,532.1900484198694,542.5895385742188
2022-10-06 00:00:00-04:00,540.6726108678528,536.9478759765625
2022-10-07 00:00:00-04:00,531.3954898957037,520.0822143554688
2022-10-10 00:00:00-04:00,520.5590452438148,507.3982849121094
2022-10-11 00:00:00-04:00,503.5941233366627,497.4358825683594
2022-10-12 00:00:00-04:00,499.0251118636874,497.2968444824219
2022-10-13 00:00:00-04:00,485.8842349947872,507.100341796875
2022-10-14 00:00:00-04:00,510.6164827885241,499.6607666015625
2022-10-17 00:00:00-04:00,506.89173279244045,513.7452392578125
2022-10-18 00:00:00-04:00,527.2039637392683,520.866943359375
2022-10-19 00:00:00-04:00,510.5370410653708,502.20355224609375
2022-10-20 00:00:00-04:00,495.38974131453125,483.579833984375
2022-10-21 00:00:00-04:00,482.8845147737658,493.3932189941406
2022-10-24 00:00:00-04:00,496.3631489472869,501.6075744628906
2022-10-25 00:00:00-04:00,504.2297598823322,511.1528015136719
2022-10-26 00:00:00-04:00,496.6312962071322,499.611083984375
2022-10-27 00:00:00-04:00,495.2903792808158,494.9626159667969
2022-10-28 00:00:00-04:00,497.8728880232497,500.4454345703125
2022-10-31 00:00:00-04:00,497.01870858531254,510.5071716308594
2022-11-01 00:00:00-04:00,513.0598721299071,514.2021484375
2022-11-02 00:00:00-04:00,512.5235724324426,487.6721496582031
2022-11-03 00:00:00-04:00,480.8483515734493,483.6593017578125
2022-11-04 00:00:00-04:00,489.9465749056122,492.2112121582031
2022-11-07 00:00:00-05:00,495.6380519776178,488.7845458984375
2022-11-08 00:00:00-05:00,490.9300107756377,488.8540954589844
2022-11-09 00:00:00-05:00,488.16868166464883,481.44427490234375
2022-11-10 00:00:00-05:00,503.6040233052703,517.0726928710938
2022-11-11 00:00:00-05:00,523.3104080429141,535.05078125
2022-11-14 00:00:00-05:00,536.9279641043453,531.1670532226562
2022-11-15 00:00:00-05:00,540.1263358188668,542.410888671875
2022-11-16 00:00:00-05:00,542.3213650485517,532.398681640625
2022-11-17 00:00:00-05:00,525.6544166818625,526.3199462890625
2022-11-18 00:00:00-05:00,537.6630229205288,531.6339111328125
2022-11-21 00:00:00-05:00,529.1905118244088,532.6669311523438
2022-11-22 00:00:00-05:00,537.3649201039165,541.0797119140625
2022-11-23 00:00:00-05:00,541.9836382609702,543.6026611328125
2022-11-25 00:00:00-05:00,546.7810605119145,547.5359497070312
2022-11-28 00:00:00-05:00,539.6396516715758,536.3917236328125
2022-11-29 00:00:00-05:00,531.852389816797,536.1134643554688
2022-11-30 00:00:00-05:00,537.6630461201214,556.4456176757812
2022-12-01 00:00:00-05:00,563.825555855778,560.75634765625
2022-12-02 00:00:00-05:00,549.8106220605027,559.2069091796875
2022-12-05 00:00:00-05:00,552.114930706363,553.4558715820312
2022-12-06 00:00:00-05:00,548.7180278629788,546.8209228515625
2022-12-07 00:00:00-05:00,546.7315040227371,554.379638671875
2022-12-08 00:00:00-05:00,556.356274139878,564.1235961914062
2022-12-09 00:00:00-05:00,560.2001248963918,556.4555053710938
2022-12-12 00:00:00-05:00,561.5708648327233,563.77587890625
2022-12-13 00:00:00-05:00,572.9538160435417,567.5305786132812
2022-12-14 00:00:00-05:00,565.5726653598341,563.704345703125
2022-12-15 00:00:00-05:00,557.9006371658236,550.3478393554688
2022-12-16 00:00:00-05:00,545.9852432278169,533.1057739257812
2022-12-19 00:00:00-05:00,530.5317529317871,526.8746337890625
2022-12-20 00:00:00-05:00,526.5168819224837,525.2150268554688
2022-12-21 00:00:00-05:00,528.1567061153575,536.5343017578125
2022-12-22 00:00:00-05:00,531.3963696729872,535.7889404296875
2022-12-23 00:00:00-05:00,534.6360452268202,537.3192749023438
2022-12-27 00:00:00-05:00,537.3194413996388,542.0498657226562
2022-12-28 00:00:00-05:00,543.9777656828318,540.0324096679688
2022-12-29 00:00:00-05:00,545.2001586719522,553.5479736328125
2022-12-30 00:00:00-05:00,549.3639602024695,547.26708984375
2023-01-03 00:00:00-05:00,549.8510009557211,549.74169921875
2023-01-04 00:00:00-05:00,555.8235968810437,558.4273071289062
2023-01-05 00:00:00-05:00,552.3355170106186,553.4783935546875
2023-01-06 00:00:00-05:00,552.3057843836668,531.6748046875
2023-01-09 00:00:00-05:00,535.3915085737085,542.6958618164062
2023-01-10 00:00:00-05:00,544.0671826984649,564.4994506835938
2023-01-11 00:00:00-05:00,567.5701899841695,578.9390869140625
2023-01-12 00:00:00-05:00,578.3526129338679,577.92529296875
2023-01-13 00:00:00-05:00,575.0533770559349,580.2111206054688
2023-01-17 00:00:00-05:00,581.3638459977876,584.2060546875
2023-01-18 00:00:00-05:00,587.4557894785902,576.4446411132812
2023-01-19 00:00:00-05:00,571.455944384986,580.2310180664062
2023-01-20 00:00:00-05:00,583.3515145439918,589.9700927734375
2023-01-23 00:00:00-05:00,589.5229068496742,601.0607299804688
2023-01-24 00:00:00-05:00,606.0594834572548,577.1105346679688
2023-01-25 00:00:00-05:00,567.6000759913419,571.744140625
2023-01-26 00:00:00-05:00,572.4496738672685,573.7813110351562
2023-01-27 00:00:00-05:00,571.3267008484496,570.0645751953125
2023-01-30 00:00:00-05:00,564.2410038271692,560.7825927734375
2023-01-31 00:00:00-05:00,558.6857879499828,566.78515625
2023-02-01 00:00:00-05:00,582.4471025884486,583.7091674804688
2023-02-02 00:00:00-05:00,587.9923430153626,583.4209594726562
2023-02-03 00:00:00-05:00,580.9265674553661,584.106689453125
2023-02-06 00:00:00-05:00,576.9514732237416,572.5887451171875
2023-02-07 00:00:00-05:00,567.2323423277421,579.5254516601562
2023-02-08 00:00:00-05:00,574.9639421290651,575.6297607421875
2023-02-09 00:00:00-05:00,579.0383778664177,565.3937377929688
2023-02-10 00:00:00-05:00,563.5850158864896,567.8582763671875
2023-02-13 00:00:00-05:00,571.0980595576503,571.426025390625
2023-02-14 00:00:00-05:00,572.3104793614575,567.9278564453125
2023-02-15 00:00:00-05:00,564.9266971414013,563.3068237304688
2023-02-16 00:00:00-05:00,552.6634935484255,554.1144409179688
2023-02-17 00:00:00-05:00,549.483243150784,556.2211303710938
2023-02-21 00:00:00-05:00,545.239922310993,547.3467407226562
2023-02-22 00:00:00-05:00,546.5814248347187,544.9913940429688
2023-02-23 00:00:00-05:00,549.93051519874,547.5255737304688
2023-02-24 00:00:00-05:00,541.2248935705239,539.4161987304688
2023-02-27 00:00:00-05:00,545.0808655731897,537.9852294921875
2023-02-28 00:00:00-05:00,537.0509938443494,538.3926391601562
2023-03-01 00:00:00-05:00,535.9876398798973,535.1727294921875
2023-03-02 00:00:00-05:00,531.5057704204986,545.3392333984375
2023-03-03 00:00:00-05:00,552.0074652994098,555.9627075195312
2023-03-06 00:00:00-05:00,556.032237585309,555.0484008789062
2023-03-07 00:00:00-05:00,557.3242186980062,545.418701171875
2023-03-08 00:00:00-05:00,544.8721844397079,551.3019409179688
2023-03-09 00:00:00-05:00,552.6932129086127,549.771484375
2023-03-10 00:00:00-05:00,548.4397725229258,540.4497680664062
2023-03-13 00:00:00-04:00,540.1119054168053,538.1939086914062
2023-03-14 00:00:00-04:00,547.4818099111822,552.8616943359375
2023-03-15 00:00:00-04:00,544.1206581383336,539.6755981445312
2023-03-16 00:00:00-04:00,536.7619873051342,553.9854736328125
2023-03-17 00:00:00-04:00,552.215350347557,544.289794921875
2023-03-20 00:00:00-04:00,543.7130655718347,547.5018310546875
2023-03-21 00:00:00-04:00,551.290395429062,553.5974731445312
2023-03-22 00:00:00-04:00,553.5975763042578,551.2308349609375
2023-03-23 00:00:00-04:00,554.8704381813084,552.0960083007812
2023-03-24 00:00:00-04:00,545.4631548140472,555.1488647460938
2023-03-27 00:00:00-04:00,560.6579800065882,558.5597534179688
2023-03-28 00:00:00-04:00,556.8692676989496,551.141357421875
2023-03-29 00:00:00-04:00,556.2427740058404,552.0562744140625
2023-03-30 00:00:00-04:00,556.879161291022,559.8325805664062
2023-03-31 00:00:00-04:00,563.810319701952,573.157958984375
2023-04-03 00:00:00-04:00,566.3362506310635,566.8931274414062
2023-04-04 00:00:00-04:00,568.2056496960947,572.9689331054688
2023-04-05 00:00:00-04:00,573.2972332062337,576.6285400390625
2023-04-06 00:00:00-04:00,577.6129032306654,572.1435546875
2023-04-10 00:00:00-04:00,569.5383193928537,571.1592407226562
2023-04-11 00:00:00-04:00,573.2673871944827,573.16796875
2023-04-12 00:00:00-04:00,579.9996280052718,576.121337890625
2023-04-13 00:00:00-04:00,581.9984715980199,587.8357543945312
2023-04-14 00:00:00-04:00,583.1320063812401,585.5584106445312
2023-04-17 00:00:00-04:00,586.8512197529874,585.3197631835938
2023-04-18 00:00:00-04:00,589.8643960437039,581.6007080078125
2023-04-19 00:00:00-04:00,572.5811824332852,576.6881713867188
2023-04-20 00:00:00-04:00,562.8457402274779,562.776123046875
2023-04-21 00:00:00-04:00,565.6996811199685,568.4940185546875
2023-04-24 00:00:00-04:00,568.3350114510623,571.0994873046875
2023-04-25 00:00:00-04:00,561.0061104529065,545.323974609375
2023-04-26 00:00:00-04:00,525.057398667995,530.1588134765625
2023-04-27 00:00:00-04:00,530.5268098560837,539.9937744140625
2023-04-28 00:00:00-04:00,540.2920747153112,551.8075561523438
2023-05-01 00:00:00-04:00,552.8914862031706,545.4432373046875
2023-05-02 00:00:00-04:00,541.8135349047842,540.789306640625
2023-05-03 00:00:00-04:00,546.9846668908252,547.3526000976562
2023-05-04 00:00:00-04:00,549.5203554500562,542.5991821289062
2023-05-05 00:00:00-04:00,549.9779105246595,543.3351440429688
2023-05-08 00:00:00-04:00,546.3879837544725,539.5562744140625
2023-05-09 00:00:00-04:00,532.0582460348518,531.6803588867188
2023-05-10 00:00:00-04:00,536.3839222102547,530.5267333984375
2023-05-11 00:00:00-04:00,529.1246940561813,526.8374633789062
2023-05-12 00:00:00-04:00,528.786666200939,521.7262573242188
2023-05-15 00:00:00-04:00,521.3283663305234,520.7615356445312
2023-05-16 00:00:00-04:00,518.3550491330428,516.8534545898438
2023-05-17 00:00:00-04:00,519.4489745745836,518.7628173828125
2023-05-18 00:00:00-04:00,517.8877007878174,520.6223754882812
2023-05-19 00:00:00-04:00,520.1251386005694,524.4409790039062
2023-05-22 00:00:00-04:00,524.4807794690429,526.0718994140625
2023-05-23 00:00:00-04:00,523.4167400728095,522.1737060546875
2023-05-24 00:00:00-04:00,507.1578820375383,507.8738708496094
2023-05-25 00:00:00-04:00,511.1056531192368,517.738525390625
2023-05-26 00:00:00-04:00,524.7393937625263,519.1109619140625
2023-05-30 00:00:00-04:00,520.9008152224116,511.3542785644531
2023-05-31 00:00:00-04:00,510.80736059492017,505.62640380859375
2023-06-01 00:00:00-04:00,510.27036550218014,516.4855346679688
2023-06-02 00:00:00-04:00,521.6566533725156,517.2413940429688
2023-06-05 00:00:00-04:00,521.1395049950358,515.6900634765625
2023-06-06 00:00:00-04:00,519.0909980180659,513.3829956054688
2023-06-07 00:00:00-04:00,511.662698144659,517.8778686523438
2023-06-08 00:00:00-04:00,517.748470413546,512.3785400390625
2023-06-09 00:00:00-04:00,515.0734914959392,515.292236328125
2023-06-12 00:00:00-04:00,517.0920922913658,520.771484375
2023-06-13 00:00:00-04:00,522.5515164556064,523.1183471679688
2023-06-14 00:00:00-04:00,525.2379555849213,517.5657958984375
2023-06-15 00:00:00-04:00,517.6055224240267,532.4821166992188
2023-06-16 00:00:00-04:00,536.074447707082,534.6614379882812
2023-06-20 00:00:00-04:00,509.4857201581035,524.8101196289062
2023-06-21 00:00:00-04:00,522.4119409076234,523.3672485351562
2023-06-22 00:00:00-04:00,523.5662102097684,525.715576171875
2023-06-23 00:00:00-04:00,520.6306923570412,521.6357421875
2023-06-26 00:00:00-04:00,520.4516203795744,519.4664916992188
2023-06-27 00:00:00-04:00,517.7846964580178,507.1173095703125
2023-06-28 00:00:00-04:00,508.88857576982974,507.64471435546875
2023-06-29 00:00:00-04:00,507.49543591979176,511.8638916015625
2023-06-30 00:00:00-04:00,513.9437259228308,519.1878662109375
2023-07-03 00:00:00-04:00,516.789580729898,516.5606689453125
2023-07-05 00:00:00-04:00,517.6752788549511,518.04345703125
2023-07-06 00:00:00-04:00,512.2619362414777,514.779541015625
2023-07-07 00:00:00-04:00,512.4708748487576,511.20709228515625
2023-07-10 00:00:00-04:00,509.9731937584499,514.311767578125
2023-07-11 00:00:00-04:00,513.764536108607,516.7100219726562
2023-07-12 00:00:00-04:00,523.1283504180118,523.3372802734375
2023-07-13 00:00:00-04:00,532.3726907410837,524.063720703125
2023-07-14 00:00:00-04:00,527.0688511825383,526.7603759765625
2023-07-17 00:00:00-04:00,523.7353340725581,522.6805419921875
2023-07-18 00:00:00-04:00,522.9492277274035,521.1082763671875
2023-07-19 00:00:00-04:00,524.40202220319,532.9199829101562
2023-07-20 00:00:00-04:00,534.6912617332207,535.6266479492188
2023-07-21 00:00:00-04:00,536.0147212131287,559.42919921875
2023-07-24 00:00:00-04:00,557.2499322923297,568.71337890625
2023-07-25 00:00:00-04:00,552.7520454701294,568.1062622070312
2023-07-26 00:00:00-04:00,552.2346766464866,571.589111328125
2023-07-27 00:00:00-04:00,572.5743121701423,557.2698364257812
2023-07-28 00:00:00-04:00,559.6480678127435,559.0908203125
2023-07-31 00:00:00-04:00,554.6825666815888,545.965576171875
2023-08-01 00:00:00-04:00,543.8461599140899,543.1595458984375
2023-08-02 00:00:00-04:00,541.2290237413081,551.0405883789062
2023-08-03 00:00:00-04:00,547.5876053370841,545.68701171875
2023-08-04 00:00:00-04:00,544.821284119103,545.9457397460938
2023-08-07 00:00:00-04:00,547.299012546503,549.0802001953125
2023-08-08 00:00:00-04:00,550.4535519197203,553.05078125
2023-08-09 00:00:00-04:00,552.0456235465972,544.8909301757812
2023-08-10 00:00:00-04:00,547.6671986208214,544.5924072265625
2023-08-11 00:00:00-04:00,540.3334813810121,541.1096801757812
2023-08-14 00:00:00-04:00,538.0944832846884,537.6865234375
2023-08-15 00:00:00-04:00,533.1887306298391,531.8055419921875
2023-08-16 00:00:00-04:00,527.4868063945964,526.2727661132812
2023-08-17 00:00:00-04:00,528.2430512120652,533.3280029296875
2023-08-18 00:00:00-04:00,530.5218414328409,529.7655639648438
2023-08-21 00:00:00-04:00,533.9249890183685,529.6461181640625
2023-08-22 00:00:00-04:00,528.392283803466,524.461669921875
2023-08-23 00:00:00-04:00,538.6516850061887,542.5623779296875
2023-08-24 00:00:00-04:00,542.5226132945238,535.367919921875
2023-08-25 00:00:00-04:00,536.1439999618065,538.9302978515625
2023-08-28 00:00:00-04:00,541.6469725482884,542.5126953125
2023-08-29 00:00:00-04:00,543.5575436758703,552.6824951171875
2023-08-30 00:00:00-04:00,555.0308815869428,556.2548217773438
2023-08-31 00:00:00-04:00,557.6481012867783,554.3642578125
2023-09-01 00:00:00-04:00,560.682905198525,554.4834594726562
2023-09-05 00:00:00-04:00,556.5334752333783,539.3482666015625
2023-09-06 00:00:00-04:00,538.2636394103972,534.0643920898438
2023-09-07 00:00:00-04:00,532.6115698847912,529.0491333007812
2023-09-08 00:00:00-04:00,527.3972917807044,515.7249145507812
2023-09-11 00:00:00-04:00,512.8789176718843,512.4112548828125
2023-09-12 00:00:00-04:00,512.4709079963593,508.4805908203125
2023-09-13 00:00:00-04:00,496.7385665370292,508.39105224609375
2023-09-14 00:00:00-04:00,512.9516196233819,513.45947265625
2023-09-15 00:00:00-04:00,513.459556883821,513.3500366210938
2023-09-18 00:00:00-04:00,513.3300768578305,505.5829772949219
2023-09-19 00:00:00-04:00,503.0835497211791,506.5886535644531
2023-09-20 00:00:00-04:00,509.2075836973795,502.7550048828125
2023-09-21 00:00:00-04:00,500.30534679955196,499.4689025878906
2023-09-22 00:00:00-04:00,500.7733386066771,500.663818359375
2023-09-25 00:00:00-04:00,499.11046886829985,503.521728515625
2023-09-26 00:00:00-04:00,500.8729437109202,499.4689025878906
2023-09-27 00:00:00-04:00,500.49456822338857,496.1828918457031
2023-09-28 00:00:00-04:00,499.92695343674995,500.8928527832031
2023-09-29 00:00:00-04:00,507.0566944009057,504.0295715332031
2023-10-02 00:00:00-04:00,500.9526326382577,493.6934814453125
2023-10-03 00:00:00-04:00,490.81569713805914,497.497314453125
2023-10-04 00:00:00-04:00,499.090509825993,500.3252868652344
2023-10-05 00:00:00-04:00,495.2866910853901,495.91400146484375
2023-10-06 00:00:00-04:00,493.7233362441608,496.4417724609375
2023-10-09 00:00:00-04:00,492.90678652421315,494.0320129394531
2023-10-10 00:00:00-04:00,493.4942809192936,494.0519104003906
2023-10-11 00:00:00-04:00,495.1174313273578,490.5468444824219
2023-10-12 00:00:00-04:00,489.76013477528346,480.5193786621094
2023-10-13 00:00:00-04:00,477.60178178091485,480.80816650390625
2023-10-16 00:00:00-04:00,480.80817994606633,486.47412109375
2023-10-17 00:00:00-04:00,476.9744424012097,482.72003173828125
2023-10-18 00:00:00-04:00,478.94610243538983,465.28411865234375
2023-10-19 00:00:00-04:00,470.3027518012947,467.68389892578125
2023-10-20 00:00:00-04:00,467.5246089882167,462.3963623046875
2023-10-23 00:00:00-04:00,459.79743388276563,459.857177734375
2023-10-24 00:00:00-04:00,450.0188945134879,456.3221435546875
2023-10-25 00:00:00-04:00,421.21129079959604,431.3482360839844
2023-10-26 00:00:00-04:00,429.3068922876205,438.2987060546875
2023-10-27 00:00:00-04:00,437.71125287461496,429.58575439453125
2023-10-30 00:00:00-04:00,430.3524301721133,432.2742614746094
2023-10-31 00:00:00-04:00,434.6442055158247,442.8891906738281
2023-11-01 00:00:00-04:00,443.24771025652103,439.24468994140625
2023-11-02 00:00:00-04:00,442.9588712429682,445.6773376464844
2023-11-03 00:00:00-04:00,452.76727070780623,452.8170471191406
2023-11-06 00:00:00-05:00,454.76880525834036,453.09588623046875
2023-11-07 00:00:00-05:00,451.9606845448094,457.2980041503906
2023-11-08 00:00:00-05:00,459.55835846344814,452.3887939453125
2023-11-09 00:00:00-05:00,456.601003523227,442.3913269042969
2023-11-10 00:00:00-05:00,441.9432307642953,446.5337219238281
2023-11-13 00:00:00-05:00,443.64597607263454,443.267578125
2023-11-14 00:00:00-05:00,454.87831066905585,457.3179626464844
2023-11-15 00:00:00-05:00,462.695091878379,468.55023193359375
2023-11-16 00:00:00-05:00,470.0638065285045,470.4720764160156
2023-11-17 00:00:00-05:00,472.9913667225194,464.4476623535156
2023-11-20 00:00:00-05:00,465.0550274024557,467.04656982421875
2023-11-21 00:00:00-05:00,476.2575226189023,480.35015869140625
2023-11-22 00:00:00-05:00,484.0245336661974,485.4684143066406
2023-11-24 00:00:00-05:00,486.43426309201806,488.7046203613281
2023-11-27 00:00:00-05:00,487.151248013602,488.0574035644531
2023-11-28 00:00:00-05:00,486.3546627840182,483.865234375
2023-11-29 00:00:00-05:00,487.8184159878554,490.8356018066406
2023-11-30 00:00:00-05:00,493.8029969206203,493.6636047363281
2023-12-01 00:00:00-05:00,488.8042136884387,494.0320129394531
2023-12-04 00:00:00-05:00,491.3832738244343,493.245361328125
2023-12-05 00:00:00-05:00,490.88538102374355,489.52117919921875
2023-12-06 00:00:00-05:00,492.9068025752903,491.7218322753906
2023-12-07 00:00:00-05:00,492.4387944957417,492.0106201171875
2023-12-08 00:00:00-05:00,490.7260362205713,487.6988830566406
2023-12-11 00:00:00-05:00,490.47710313203333,492.8968200683594
2023-12-12 00:00:00-05:00,494.2311435156744,495.2667541503906
2023-12-13 00:00:00-05:00,496.48160976425606,516.3472290039062
2023-12-14 00:00:00-05:00,527.6569054011795,519.6654663085938
2023-12-15 00:00:00-05:00,518.9180514265726,516.1878051757812
2023-12-18 00:00:00-05:00,519.2767795524876,516.7756958007812
2023-12-19 00:00:00-05:00,519.1571916920232,526.2618408203125
2023-12-20 00:00:00-05:00,526.122417891363,517.5828857421875
2023-12-21 00:00:00-05:00,516.2276409293596,524.6874389648438
2023-12-22 00:00:00-05:00,526.2120929035974,527.1686401367188
2023-12-26 00:00:00-05:00,525.0063661228166,527.8163452148438
2023-12-27 00:00:00-05:00,528.9223598165655,529.7593994140625
2023-12-28 00:00:00-05:00,531.1045229622814,531.0447387695312
2023-12-29 00:00:00-05:00,529.3210160711185,528.9024658203125
2024-01-02 00:00:00-05:00,527.676822738772,542.2149658203125
2024-01-03 00:00:00-05:00,540.8796930955463,526.939453125
2024-01-04 00:00:00-05:00,525.4447616025845,535.4490356445312
2024-01-05 00:00:00-05:00,532.0710665930893,529.3408203125
2024-01-08 00:00:00-05:00,527.7466772070696,539.4548950195312
2024-01-09 00:00:00-05:00,536.604981349317,539.923095703125
2024-01-10 00:00:00-05:00,538.8668183890233,541.9956665039062
2024-01-11 00:00:00-05:00,541.5971624585953,544.058349609375
2024-01-12 00:00:00-05:00,546.5594406558918,542.3843383789062
2024-01-16 00:00:00-05:00,541.577210756603,540.0725708007812
2024-01-17 00:00:00-05:00,536.8341754883265,537.3323974609375
2024-01-18 00:00:00-05:00,535.4391426272648,542.4840087890625
2024-01-19 00:00:00-05:00,543.2213109979126,549.7879028320312
2024-01-22 00:00:00-05:00,550.9139230071585,551.422119140625
2024-01-23 00:00:00-05:00,554.2220379935694,548.7814331054688
2024-01-24 00:00:00-05:00,547.8946860137488,538.0697631835938
2024-01-25 00:00:00-05:00,541.298188454869,536.2960815429688
2024-01-26 00:00:00-05:00,552.0299309001272,545.3836669921875
2024-01-29 00:00:00-05:00,548.0440507549157,555.7864379882812
2024-01-30 00:00:00-05:00,557.5103736735196,565.103271484375
2024-01-31 00:00:00-05:00,561.296751697877,537.063232421875
2024-02-01 00:00:00-05:00,540.2121497293793,550.2662353515625
2024-02-02 00:00:00-05:00,547.0675746057423,549.8576049804688
2024-02-05 00:00:00-05:00,547.5060333429519,549.6583251953125
2024-02-06 00:00:00-05:00,550.5252008408178,558.2875366210938
2024-02-07 00:00:00-05:00,560.0014914277714,550.345947265625
2024-02-08 00:00:00-05:00,550.2363082540874,548.9309692382812
2024-02-09 00:00:00-05:00,547.6953789783482,548.7914428710938
2024-02-12 00:00:00-05:00,549.0406369415946,544.9153442382812
2024-02-13 00:00:00-05:00,539.4946102926972,536.6846313476562
2024-02-14 00:00:00-05:00,539.7138846261005,546.3203125
2024-02-15 00:00:00-05:00,545.3138626695176,546.6192016601562
2024-02-16 00:00:00-05:00,544.3771706675881,545.8917846679688
2024-02-20 00:00:00-05:00,542.9223699124351,546.1907348632812
2024-02-21 00:00:00-05:00,544.1678898878548,550.8839111328125
2024-02-22 00:00:00-05:00,553.0262985093871,558.4967651367188
2024-02-23 00:00:00-05:00,560.8683597694186,562.7018432617188
2024-02-26 00:00:00-05:00,561.3367403630921,561.4761962890625
2024-02-27 00:00:00-05:00,562.9708455574392,564.1566162109375
2024-02-28 00:00:00-05:00,563.1901205486869,569.995849609375
2024-02-29 00:00:00-05:00,572.6064793586928,568.15234375
2024-03-01 00:00:00-05:00,562.5524134539743,574.2805786132812
2024-03-04 00:00:00-05:00,573.3538549537453,579.5716552734375
2024-03-05 00:00:00-05:00,579.0634615062756,582.5310668945312
2024-03-06 00:00:00-05:00,586.2577229120901,589.3965454101562
2024-03-07 00:00:00-05:00,592.8840322788021,595.5345458984375
2024-03-08 00:00:00-05:00,594.8770470589942,595.48486328125
2024-03-11 00:00:00-04:00,592.067009542472,597.29833984375
2024-03-12 00:00:00-04:00,596.7703165418062,595.1261596679688
2024-03-13 00:00:00-04:00,596.8998610106588,591.2101440429688
2024-03-14 00:00:00-04:00,589.2657178533124,583.2133178710938
2024-03-15 00:00:00-04:00,573.5015134275728,582.4555053710938
2024-03-18 00:00:00-04:00,584.1605144411815,578.3673706054688
2024-03-19 00:00:00-04:00,579.5938985468787,581.0296630859375
2024-03-20 00:00:00-04:00,579.3644697913614,578.3673706054688
2024-03-21 00:00:00-04:00,578.3176436143746,582.4356689453125
2024-03-22 00:00:00-04:00,585.1177812831288,581.3986206054688
2024-03-25 00:00:00-04:00,581.5182722869303,571.896240234375
2024-03-26 00:00:00-04:00,572.3449302715247,567.1699829101562
2024-03-27 00:00:00-04:00,570.8593468310773,577.689453125
2024-03-28 00:00:00-04:00,577.6195542993171,579.5240478515625
2024-04-01 00:00:00-04:00,579.3645576845893,575.7750244140625
2024-04-02 00:00:00-04:00,569.0944515736608,569.902099609375
2024-04-03 00:00:00-04:00,569.5730402750066,574.3292236328125
2024-04-04 00:00:00-04:00,578.7263331616085,568.9547729492188
2024-04-05 00:00:00-04:00,568.5659262711853,577.7791748046875
2024-04-08 00:00:00-04:00,577.6693640366059,577.1209716796875
2024-04-09 00:00:00-04:00,582.0865842507966,587.4908447265625
2024-04-10 00:00:00-04:00,575.6154089293074,572.0458374023438
2024-04-11 00:00:00-04:00,577.8788358061015,572.9033203125
2024-04-12 00:00:00-04:00,569.2539711867361,563.5904541015625
2024-04-15 00:00:00-04:00,569.0644714140273,556.2517700195312
2024-04-16 00:00:00-04:00,557.4184339120461,552.9414672851562
2024-04-17 00:00:00-04:00,554.2474841226067,545.6624755859375
2024-04-18 00:00:00-04:00,533.2486799773042,539.94921875
2024-04-19 00:00:00-04:00,541.3751201970546,543.1998291015625
2024-04-22 00:00:00-04:00,547.5571536797223,546.7893676757812
2024-04-23 00:00:00-04:00,565.8637991525808,572.9232788085938
2024-04-24 00:00:00-04:00,576.323425960242,575.7152099609375
2024-04-25 00:00:00-04:00,575.7251913938044,570.0715942382812
2024-04-26 00:00:00-04:00,566.2926017382939,571.9361572265625
2024-04-29 00:00:00-04:00,573.4218472511179,575.2166137695312
2024-04-30 00:00:00-04:00,573.0329463130619,567.0702514648438
2024-05-01 00:00:00-04:00,568.2069585474591,573.3220825195312
2024-05-02 00:00:00-04:00,577.7990640396623,569.5929565429688
2024-05-03 00:00:00-04:00,578.1580477362623,570.7196655273438
2024-05-06 00:00:00-04:00,573.7408203633908,571.88623046875
2024-05-07 00:00:00-04:00,569.8422308266163,571.208251953125
2024-05-08 00:00:00-04:00,571.0487182086969,571.9760131835938
2024-05-09 00:00:00-04:00,572.5643214290343,576.2536010742188
2024-05-10 00:00:00-04:00,578.4871311886036,591.3098754882812
2024-05-13 00:00:00-04:00,589.5549261730569,588.986572265625
2024-05-14 00:00:00-04:00,589.4451899716358,593.0746459960938
2024-05-15 00:00:00-04:00,598.259547454216,597.2824096679688
2024-05-16 00:00:00-04:00,596.5146926686064,595.4179077148438
2024-05-17 00:00:00-04:00,595.2184192852475,593.5731811523438
2024-05-20 00:00:00-04:00,591.9080236916147,592.2869262695312
2024-05-21 00:00:00-04:00,592.2770145107951,588.4082641601562
2024-05-22 00:00:00-04:00,587.959454701889,589.086181640625
2024-05-23 00:00:00-04:00,588.288623463923,583.3330688476562
2024-05-24 00:00:00-04:00,584.3002520097292,582.3558959960938
2024-05-28 00:00:00-04:00,579.982635379994,570.9090576171875
2024-05-29 00:00:00-04:00,568.4562041977249,565.6543579101562
2024-05-30 00:00:00-04:00,549.9302185937554,561.1276245117188
2024-05-31 00:00:00-04:00,562.9522773456008,566.3323974609375
2024-06-03 00:00:00-04:00,567.7384051372793,567.9278564453125
2024-06-04 00:00:00-04:00,569.1342633898115,568.0175170898438
2024-06-05 00:00:00-04:00,568.1969647833589,573.6112670898438
2024-06-06 00:00:00-04:00,573.6212305832909,578.1580810546875
2024-06-07 00:00:00-04:00,577.82904598919,579.4044799804688
2024-06-10 00:00:00-04:00,578.3175864556279,579.7932739257812
2024-06-11 00:00:00-04:00,577.2706649496447,574.2195434570312
2024-06-12 00:00:00-04:00,577.5797322594705,574.0200805664062
2024-06-13 00:00:00-04:00,571.6969182898076,570.9690551757812
2024-06-14 00:00:00-04:00,571.5876174344428,570.7794189453125
2024-06-17 00:00:00-04:00,565.1918582376486,566.7384033203125
2024-06-18 00:00:00-04:00,568.2949100797895,567.90576171875
2024-06-20 00:00:00-04:00,559.6042196486795,555.9723510742188
2024-06-21 00:00:00-04:00,557.4690153810026,563.3458862304688
2024-06-24 00:00:00-04:00,564.353660536229,564.6929321289062
2024-06-25 00:00:00-04:00,563.5854013945242,555.2838745117188
2024-06-26 00:00:00-04:00,555.5632236971256,556.93017578125
2024-06-27 00:00:00-04:00,555.4834499691692,549.5567016601562
2024-06-28 00:00:00-04:00,551.7018156576478,551.7716674804688
2024-07-01 00:00:00-04:00,552.2207108303658,540.5167236328125
2024-07-02 00:00:00-04:00,538.1121349319291,532.7440795898438
2024-07-03 00:00:00-04:00,531.8160392978855,534.4202270507812
2024-07-05 00:00:00-04:00,537.4535381135929,538.9002685546875
2024-07-08 00:00:00-04:00,540.2473274421205,535.0987548828125
2024-07-09 00:00:00-04:00,536.8947918622138,530.6785888671875
2024-07-10 00:00:00-04:00,532.0655359127102,535.677490234375
2024-07-11 00:00:00-04:00,538.5610736444316,541.4845581054688
2024-07-12 00:00:00-04:00,541.4845896471872,546.8726196289062
2024-07-15 00:00:00-04:00,545.3759454355543,543.4701538085938
2024-07-16 00:00:00-04:00,548.0200136736463,554.186279296875
2024-07-17 00:00:00-04:00,551.771604742106,553.8270263671875
2024-07-18 00:00:00-04:00,550.4645461907913,539.4191284179688
2024-07-19 00:00:00-04:00,539.9480306055582,533.1630859375
2024-07-22 00:00:00-04:00,539.4690704757403,545.206298828125
2024-07-23 00:00:00-04:00,569.701744540013,551.0133666992188
2024-07-24 00:00:00-04:00,551.6918754681249,573.4534301757812
2024-07-25 00:00:00-04:00,574.8602408515094,593.179443359375
2024-07-26 00:00:00-04:00,599.5153751643822,605.7914428710938
2024-07-29 00:00:00-04:00,602.9077922775958,602.778076171875
2024-07-30 00:00:00-04:00,608.4554482597149,613.6937866210938
2024-07-31 00:00:00-04:00,612.8656379595734,611.9776611328125
2024-08-01 00:00:00-04:00,615.0309094809887,620.3889770507812
2024-08-02 00:00:00-04:00,620.5684922787318,614.3223876953125
2024-08-05 00:00:00-04:00,606.190484993597,596.70166015625
2024-08-06 00:00:00-04:00,598.9266998972016,600.6828002929688
2024-08-07 00:00:00-04:00,599.6350744449406,586.0653076171875
2024-08-08 00:00:00-04:00,588.4301041207526,598.7072143554688
2024-08-09 00:00:00-04:00,598.6672963538512,594.8557739257812
2024-08-12 00:00:00-04:00,594.9356237648117,597.7393798828125
2024-08-13 00:00:00-04:00,598.6472744014361,602.867919921875
2024-08-14 00:00:00-04:00,600.7526466101343,600.7625732421875
2024-08-15 00:00:00-04:00,604.175073455386,602.34912109375
2024-08-16 00:00:00-04:00,600.4532896988408,602.638427734375
2024-08-19 00:00:00-04:00,602.8479673453879,606.2503662109375
2024-08-20 00:00:00-04:00,608.5651938374314,613.1749267578125
2024-08-21 00:00:00-04:00,613.633986110868,608.814697265625
2024-08-22 00:00:00-04:00,611.8079947217385,602.5186767578125
2024-08-23 00:00:00-04:00,605.4222622207342,604.773681640625
2024-08-26 00:00:00-04:00,604.6539355473858,604.244873046875
2024-08-27 00:00:00-04:00,604.2548026069055,609.044189453125
2024-08-28 00:00:00-04:00,608.8945417216903,611.7781372070312
2024-08-29 00:00:00-04:00,613.0652418921655,610.3213500976562
2024-08-30 00:00:00-04:00,614.7414643853848,613.7037963867188
2024-09-03 00:00:00-04:00,610.1117296431488,605.0829467773438
2024-09-04 00:00:00-04:00,604.3147024680393,610.5408935546875
2024-09-05 00:00:00-04:00,609.6827767464248,605.5320434570312
2024-09-06 00:00:00-04:00,606.1406703478108,609.97216796875
2024-09-09 00:00:00-04:00,613.1450850009861,619.0419311523438
2024-09-10 00:00:00-04:00,619.241433872337,622.823486328125
2024-09-11 00:00:00-04:00,620.698258125051,617.0863037109375
2024-09-12 00:00:00-04:00,614.3423821646551,612.7957763671875
2024-09-13 00:00:00-04:00,613.8641701270744,610.199951171875
2024-09-16 00:00:00-04:00,614.6129487713267,613.1752319335938
2024-09-17 00:00:00-04:00,612.2067901597391,609.5210571289062
2024-09-18 00:00:00-04:00,608.1731862865158,609.151611328125
2024-09-19 00:00:00-04:00,616.6297394422478,619.2655639648438
2024-09-20 00:00:00-04:00,618.0574879563491,612.7160034179688
2024-09-23 00:00:00-04:00,614.6628682766069,609.3812255859375
2024-09-24 00:00:00-04:00,610.2399549485373,610.9088745117188
2024-09-25 00:00:00-04:00,612.8956663213274,598.8280639648438
2024-09-26 00:00:00-04:00,603.6004686407656,618.3470458984375
2024-09-27 00:00:00-04:00,618.4069063877654,613.4447631835938
2024-09-30 00:00:00-04:00,611.5178290832007,617.5881958007812
2024-10-01 00:00:00-04:00,619.015955235442,611.9671630859375
2024-10-02 00:00:00-04:00,609.0318438331897,611.7474975585938
2024-10-03 00:00:00-04:00,608.8919991521093,599.9661865234375
2024-10-04 00:00:00-04:00,601.6734898927415,597.6598510742188
2024-10-07 00:00:00-04:00,591.3798712648834,597.8994750976562
2024-10-08 00:00:00-04:00,598.0992057331133,594.5049438476562
2024-10-09 00:00:00-04:00,593.1670325820551,598.2988891601562
2024-10-10 00:00:00-04:00,596.2221744303494,592.8475341796875
2024-10-11 00:00:00-04:00,594.6946584250413,595.9725952148438
2024-10-14 00:00:00-04:00,599.8363657955473,602.8316040039062
2024-10-15 00:00:00-04:00,604.039764527001,599.56689453125
2024-10-16 00:00:00-04:00,589.3331472789079,590.611083984375
2024-10-17 00:00:00-04:00,603.3808372843487,598.2988891601562
2024-10-18 00:00:00-04:00,599.0776786437825,600.7550048828125
2024-10-21 00:00:00-04:00,596.9410686900535,594.425048828125
2024-10-22 00:00:00-04:00,586.5575033248969,585.4492797851562
2024-10-23 00:00:00-04:00,573.6680704828016,575.5750122070312
2024-10-24 00:00:00-04:00,571.4515663778521,556.495361328125
2024-10-25 00:00:00-04:00,559.2709166701288,553.5001220703125
2024-10-28 00:00:00-04:00,558.3623354172155,551.6629638671875
2024-10-29 00:00:00-04:00,550.0855128530948,546.9005737304688
2024-10-30 00:00:00-04:00,546.6309897578612,549.7460327148438
2024-10-31 00:00:00-04:00,547.6893770365263,545.4529418945312
2024-11-01 00:00:00-04:00,549.1270720879347,557.0344848632812
2024-11-04 00:00:00-05:00,555.7964192731426,554.5883178710938
2024-11-05 00:00:00-05:00,549.5363724164534,559.89990234375
2024-11-06 00:00:00-05:00,569.295009514206,558.7916870117188
2024-11-07 00:00:00-05:00,564.1032161570504,555.0076904296875
2024-11-08 00:00:00-05:00,556.345595870289,550.8643188476562
2024-11-11 00:00:00-05:00,548.208485531327,546.0518798828125
2024-11-12 00:00:00-05:00,548.2884104839848,539.8917846679688
2024-11-13 00:00:00-05:00,539.1429691310121,541.0399780273438
2024-11-14 00:00:00-05:00,539.0430961833969,532.1740112304688
2024-11-15 00:00:00-05:00,528.5597282070668,512.265625
2024-11-18 00:00:00-05:00,510.1889649817661,500.494384765625
2024-11-19 00:00:00-05:00,495.40244996686135,508.3119201660156
2024-11-20 00:00:00-05:00,506.2751638976982,512.0260620117188
2024-11-21 00:00:00-05:00,513.3040457071303,515.2808837890625
2024-11-22 00:00:00-05:00,513.8032003446169,512.4453735351562
2024-11-25 00:00:00-05:00,511.48690230009686,513.3839111328125
2024-11-26 00:00:00-05:00,513.3839279515714,512.1658325195312
2024-11-27 00:00:00-05:00,514.5919508089219,520.83203125
2024-11-29 00:00:00-05:00,522.2996845796487,528.7893676757812
2024-12-02 00:00:00-05:00,527.8608706924006,529.10888671875
2024-12-03 00:00:00-05:00,529.4084128289182,533.57177734375
2024-12-04 00:00:00-05:00,531.7047304461051,528.0305786132812
2024-12-05 00:00:00-05:00,526.3732836333762,520.0333251953125
2024-12-06 00:00:00-05:00,522.1698847254605,528.519775390625
2024-12-09 00:00:00-05:00,528.8492481580375,536.3772583007812
2024-12-10 00:00:00-05:00,538.6736632496852,534.9994506835938
2024-12-11 00:00:00-05:00,534.1508396274841,533.5118408203125
2024-12-12 00:00:00-05:00,530.486656700692,524.1666870117188
2024-12-13 00:00:00-05:00,523.2075715816051,526.44482421875
2024-12-16 00:00:00-05:00,526.8944351004811,529.8119506835938
2024-12-17 00:00:00-05:00,525.5655625828924,528.3931884765625
2024-12-18 00:00:00-05:00,527.5538552076937,515.7438354492188
2024-12-19 00:00:00-05:00,518.2816709802822,516.25341796875
2024-12-20 00:00:00-05:00,516.253411399358,523.607177734375
2024-12-23 00:00:00-05:00,519.7404627394891,524.8461303710938
2024-12-24 00:00:00-05:00,522.8078810849393,528.5330200195312
2024-12-26 00:00:00-05:00,524.156720970896,526.7345581054688
2024-12-27 00:00:00-05:00,523.5572300734262,525.62548828125
2024-12-30 00:00:00-05:00,522.2483337165654,518.401611328125
2024-12-31 00:00:00-05:00,519.8803560595253,519.7904052734375
